clusters,features
59,hho
0,genomic patients single needed tumors sarcoma cells genome speak presentation underlying drug normal body today treatment mainly used use say request exercise active hard released generation fourth coming cause plays preventing mechanism locally tti zero environment run divided role radiation
1,nlp video youtube natural natural language simply end channel watch watch similar similar videos watch processing channel language processing language website learn simply learn certified youtube channel try computer similar videos relevant minutes score local rank results liked click important templates subscribe check app neural network tutorial work
2,free google cloud google cloud person right badges skill skill badges getting learn right skills internet learn stand offers partner b awesome cloud set paying sit certified network new thing let code really configure lab tries knows took days stuff fun set way easy
4,gpt chat chat gpt prompt use chat blog context actually ai use situations openai generate things trained chad quite coding want cover topic list creating content question tutorial users understand types message help create query enter using answers different providing model beginner
5,data science data analyst analyst structured unstructured data science used computer structured data database cpu unstructured data going data analysts analysts time variables instructions structures years analysis data warehouse warehouse insights example need create data lake lake stored team arrays like key query algorithms means decisions question
6,python code use learn need write learning build machine learning languages machine programming c like know number plus want python use jupyter need know line programming languages javascript code execute prior knowledge need prior learn build execute store prior popular projects learn python variables evaluate look using language block
8,big data big data analytics data analytics hadoop various used distributed million explains analysis ibm stage media data hadoop tools profit solution company session business social media edureka size provides lot customers data analysis structured social discuss database management using improve real today storage lot data
9,cloud computing cloud computing customer explains thing service dc services private solution hybrid internet application storage ec public connection wants step second access architect infrastructure aws questions certifications cycle main reason change want dedicated understanding moving partner reason simply aws cloud computing service video
10,degree option research program master biomedical science applying biomedical scientific training science career uk options human way master management field dot completing work masters mba program available phd type students mba course management problem gives programs years life help university year end business
11,thank happy studies really radon questions think radiation come day high things ask non screen liberal arts arts liberal risk humor center going background brain right cause uh university general wrong today people welcome activity far problems expect ask questions detailed good
12,civil civil engineering engineering click delete instance major engineering good main modules main modules job talk analysis want x writing code good video want talk software close helps writing like virtual machine leave virtual survey feedback reason created today turn computer free feel code question gas
13,chemical engineering school year biochemical school chemical engineers university professor business australia sydney soon food develop biomedical maybe year year salary society students modern chemical engineering years graduate products order personal successful lot goal useful main modules module modules process nice site year students small
14,word words context embedding embeddings word embeddings word embedding target similar model text c trained data section case good lot different pipeline vector want close knowledge say training separate space dealing layer latest know scratch long time way use library high instead account takes
15,videos neural networks neural networks like video subscribe line questions architecture network future like subscribe deep youtube features want videos like learn interview check neural network images response channel edge features comments allow edge programs explains following time content learning treatment deep learning asked video explains comment
16,set model measure data accuracy training data set split data building split sets training specific training set include sets characteristics important performance evaluation experience going validation looking metrics model need testing numbers works lecture going order need lecture spark test models learning number seen thought accurate
17,education art public media art education culture llm idea health technology pedagogy students earn programs fun easier efforts think address visual culture visual people seeing teaching challenge involved foundation life tax additional required accredited bar unified groups invisible law ways allow advantage
18,speaking anxiety spontaneous public manage anxiety spontaneous speaking comfortable manage effective situation structure actually best structures way situations thing help law feel helps present speak audience techniques moment finally believe people practice important control role order future critical steps service talking comes
19,philosophy pay year degree people graduate people degrees graduate states philosophy degree united states united comes years know expect person believe things score bpa given hope things like complex bachelor years time managers hiring levels graduates large use tend hire liberal arts arts degrees arts liberal starting
20,engineer ryan machine learning machine learning learning engineer software amazon perfect ml engineer ml software development development engineer worked development day learning works follow practical learning model work form trying improve change basis experts creator works users idea infrastructure talk interview models business science based explains process
21,overwhelmed ai related definitely taking later usual work little related project usual working usual mental working really mental state issues going reminding reminding positive taking toll project quarter bit later cool ai pretty overwhelmed state reminding toll mental toll really cool unanticipated health unanticipated pretty new kitten kitten kitten unanticipated health issues overwhelmed new taking cool quarter going work issues positive state later related
22,systems recommendation recommendation systems tensorflow open recommender products recommender systems google recommenders series explains trial video machine learning build open source machine learning uk source youtube algorithm watch video series environmental ranking watch time scalable developer shares components recommended released health main provides types outside talk
23,text nlp speech recognition format speech recognition representation google talk used models pipeline sequence converting explains turn used google tool allows built hands learning automatic word embeddings represent team wants embeddings word allows try tool students deep learning university deep video tools information application year
24,data different data scientists company scientists startup data scientist scientist different things things certification separate large using data focus actually engineers companies good impact dot plot gaps clusters plot best let data science industry biological non used examples work kind dot making recall curve classification activity
25,cost opportunity advantage opportunity cost produce comparative advantage comparative production trade game scarcity idea unit partner figure way shows starts possibilities curve graph different going resources gives total called phase listen fun challenge variable hard rewarding chance brain point instead countries run
27,google business listing users google maps maps spotify ranking number provide ahead heard successfully marketing campaign marketing campaign matrix biggest went lot tools hands trying history going example factor certification moved using extension daily lot data actually rank scale make built cloud platform data
28,unit review market idea cpu know ultimate review review packet packet supply ultimate concept let know changes shows free called let loss wrong quantity output invisible businesses inside cpu ends microeconomics paper demand model tax products planned api inside product hand parts performs ram
29,morning little park feel lot events park like going headed headed tribeca going lot getting meet event kimley events recently meet people tribeca tribeca morning kimley park kimley socializing little event socializing getting actually headed event recently meet morning feel like events feel recently socializing yeah actually little getting lot people like head going let files file
30,courses make sure sure course make acwa study lunch research taught state apply msc people want hour australia sarcoma competition studying look time accredited foundation social market real life assigned contact room planned stuff got skills online devops consider sit leave university
31,user model web framework django mvc template interface data view write based used entire templates web applications database logic models provides uses capable response applications interact page endocrine use development run python generate directly basically components set result application filtering document
32,create account create billing billing billing account tool googlecom demo specific explains create credit account create explains students google project lab specific task teach vm perform using recommends answering answering questions task sign place tutorial michael card google cloud code suggests personal explains difference questions gcp school cloud
33,new english english learning living new getting rid meditation guide new life guide getting start living speaking english fear speaking rid rid fear language start learning new fear new language meditation guide living start speaking let control mistake mistake step journey goals life let step journey control mistake language life learning getting journey goals control step let words working
34,cloud g g suite suite gcp service infrastructure tools umbrellas talked plus infrastructure platform platform service google working year software platform different google cloud electrical computer student studying electrical premise infrastructure service use computers developer intern tools use cases cloud infrastructure use cases listening broken cloud cloud computers use demo time
35,google google cloud cloud cloud platform platform project europe information used used google campaign created tools biggest students search tool video solve unique monitoring piece problem finding term group solve problem tool allows cup search engine virtual machine going connection marketing campaign virtual countries marketing half million images
36,kubernetes cluster pod containers deployment master application pods nodes container node configuration secret mongodb port service kubernetes cluster ip ip address virtual components secure address used database machine server manage applications tool api create spark worker master node cubectl mini mini cube cube infrastructure
37,going office vastly used week vastly office plate rewarding plate definitely added work plate interns definitely added work used managing managing interns times week office times added vastly week rewarding interns managing definitely times work used season amazing going nice intern tech meet able students kitten kitten unanticipated unanticipated health unanticipated new kitten overwhelmed health issues
38,little interns year happening life quick little sit quick sad sit hosting summer ram sad catch little catch sad summer interns career quick summer hosting ram sit interns happening life hosting like stagnant stagnant mhm ram mhm catch happening figure longer bit pressure term career pressure figure gives little year gives longer term pressure life career goals longer feel like year figure
39,static file values files static files code dynamic ways needs app handle page know code various graphs extension django recommender dot make needed ec instance new know music open specific language work create used tool content reports want need change got video
40,python tutorial going loading input tutorial going numbers user add output times processed variable request comment python programming strings time look use objects value bunch want list object programming learn success going talk operations share type code math going look real example talk complete
41,model machine machine learning learning ai algorithm data model using train build predictive training learning model prepare clean clean adventures ai adventures using prepare learning project real machine build model increase learning algorithm used create predictions create model time train machine real step need data used make predictions train model project model need select want use
42,jobs meat production sustainable chemical engineering future chemical food need think engineering alternative pipelines tfx fariba protein company source think implications title additional theory microeconomics talked hire create given law work professor major need feature resources story output means went start unit
43,learning machine learning machine algorithms learn ai deep learning deep python language math intelligence artificial intelligence artificial today using world processing better world machine subset real world data need matrix make episode subset ai started going learning subset cars real regression classification leave predict creating use vector
44,visual culture visual culture condition effect material times music people way user seeing classical increase gets trying thinking algorithm question ask similar design talk life blue actually questions teaching terms efficient relationship event significant like size couple running gender older likes
45,industry final year thesis mips year students management students final year project definitely degree program working experience llm gas broad programs opportunities sense coming quarter known looking overall worked engineer spend rewarding process business fine thing need moving law factors section guidance transition
46,solutions aws solutions architect architect rachel journey lucy shares associate cloud associate solutions web channel amazon getting aws secure working aws half architecture service guidance customer technical customers moved team getting time working talk tech worked provided amazon capacity service provided using provided master wants got
47,protein fellowship heart research valve heart valve focused uh phase story disease related center sustainable little want talk transition develop health cancer use talk properties want material treatment chemical engineering area solve problem generation kind design chemical important look solve project problem cause engineering
48,mba help program mba program career mim significant programs learned time executive executive mba experience correlation mba programs card years lot science zero started tti need work close far mainly trial came year different application student term based students unified history science value taking
49,lecture lecture going going code going useful file data spark jupyter data set useful frame data frame csv file csv output import data takes import set create model cell organized source code jupyter notebook cells write code notebook faster download create data removed set create use create model train ask make methods source pandas
